username,email,password,status,
  user01,user01@test.com,user01,true
  user02,user02@test.com,user02,true
  user03,user03@test.com,user03,true
  user04,user04@test.com,user04,true
  user05,user05@test.com,user05,true
  user06,user06@test.com,user06,true
  user07,user07@test.com,user07,true
  user08,user08@test.com,user08,true
  user09,user09@test.com,user09,true
  user10,user10@test.com,user10,true
  user11,user11@test.com,user11,true
  user12,user12@test.com,user12,true
  user13,user13@test.com,user13,true
  user14,user14@test.com,user14,true
  user15,user15@test.com,user15,true

